{"eval/ARC-Easy_acc":0.8952020202020202,"eval/ARC-Challenge_acc":0.7849829351535836,"eval/hellaswag_acc":0.9312885879306912,"_runtime":206.602708316,"_step":3,"_timestamp":1.7748665107989812e+09,"_wandb":{"runtime":206}}