{"eval/math_acc":0.1684,"train_runtime":19437.0095,"total_flos":615130951331389400,"_runtime":26794.454987926,"_timestamp":1.7746792855653236e+09,"train_samples_per_second":2.572,"total_params":328116.224,"train/loss":0.1736,"train/epoch":0.99968,"train/global_step":1562,"train/grad_norm":3.609375,"_wandb":{"runtime":26794},"_step":1564,"non_classifier_params":328116.224,"classifier_params":0,"train_loss":0.2084541072813787,"train_steps_per_second":0.08,"train/learning_rate":0}