{"_step":1,"_timestamp":1.774861405689627e+09,"_wandb":{"runtime":184},"eval/ARC-Challenge_acc":0.7815699658703071,"eval/hellaswag_acc":0.9312885879306912,"_runtime":168.835224318}