{"train/learning_rate":0,"non_classifier_params":328116.224,"train/grad_norm":3.609375,"classifier_params":0,"train/global_step":1562,"_runtime":50348.737686938,"train_runtime":19437.0095,"_wandb":{"runtime":50348},"eval/gsm8k_acc":0.6186504927975739,"train/epoch":0.99968,"total_params":328116.224,"_timestamp":1.774720124939037e+09,"eval/math_acc":0.1684,"train_loss":0.2084541072813787,"train_samples_per_second":2.572,"train_steps_per_second":0.08,"_step":1571,"train/loss":0.1736,"total_flos":615130951331389400}