{"non_classifier_params":195000.96,"total_params":195000.96,"train_samples_per_second":16.773,"train/epoch":1.9991550485847065,"total_flos":766887880874738700,"_wandb":{"runtime":20471},"train_runtime":20321.2334,"train/learning_rate":0,"_step":2369,"train_loss":5080.829738384311,"eval/ARC-Easy_acc":0.8779461279461279,"train_steps_per_second":0.116,"train/loss":1.816,"train/global_step":2366,"train/grad_norm":1.328125,"_runtime":20471.071698342,"eval/ARC-Challenge_acc":0.7431740614334471,"_timestamp":1.7749256649888573e+09,"classifier_params":0}