{"train/epoch":0.99968,"classifier_params":0,"eval/gsm8k_acc":0.6186504927975739,"train_steps_per_second":0.08,"train/global_step":1562,"total_flos":615130951331389400,"train/learning_rate":0,"_wandb":{"runtime":73503},"_runtime":73503.193446487,"total_params":328116.224,"_step":1577,"train/grad_norm":3.609375,"eval/math_acc":0.177,"non_classifier_params":328116.224,"train/loss":0.1736,"train_loss":0.2084541072813787,"train_runtime":19437.0095,"train_samples_per_second":2.572,"_timestamp":1.7747737538876634e+09}