{"train_samples_per_second":5.075,"train/global_step":1562,"train/epoch":0.99968,"train_runtime":9851.662,"total_flos":601746497510154200,"total_params":167772.16,"classifier_params":0,"eval/math_acc":0.1998,"_step":1566,"non_classifier_params":167772.16,"train_loss":0.20490742020223113,"_runtime":11215.140932645,"eval/gsm8k_acc":0.6937073540561031,"_wandb":{"runtime":11215},"train/learning_rate":0,"train_steps_per_second":0.159,"train/loss":0.1691,"train/grad_norm":2.609375,"_timestamp":1.774410691047101e+09}