{"_wandb":{"runtime":12328},"eval/math_acc":0.1998,"train/grad_norm":2.609375,"eval/gsm8k_acc":0.6937073540561031,"train_samples_per_second":5.075,"train_steps_per_second":0.159,"train/learning_rate":0,"classifier_params":0,"train_loss":0.20490742020223113,"total_flos":601746497510154200,"_step":1567,"_timestamp":1.774411813688043e+09,"train_runtime":9851.662,"total_params":167772.16,"train/loss":0.1691,"_runtime":12327.967947721,"non_classifier_params":167772.16,"train/global_step":1562,"train/epoch":0.99968}