{"non_classifier_params":328116.224,"train_steps_per_second":0.08,"train/epoch":0.99968,"train/loss":0.1736,"train_runtime":19437.0095,"train/learning_rate":0,"train/grad_norm":3.609375,"total_params":328116.224,"train_loss":0.2084541072813787,"_wandb":{"runtime":49917},"total_flos":615130951331389400,"_runtime":49917.164872871,"classifier_params":0,"eval/math_acc":0.1684,"train/global_step":1562,"_step":1570,"_timestamp":1.7747196834933486e+09,"eval/gsm8k_acc":0.6186504927975739,"train_samples_per_second":2.572}