{"train_samples_per_second":2.502,"train_runtime":19980.1826,"train/learning_rate":0,"train_loss":0.20829842160437995,"train/grad_norm":2.9330637454986572,"eval/gsm8k_acc":0.6285064442759667,"total_flos":615002396884654100,"train/epoch":0.99968,"_timestamp":1.7745488156608517e+09,"train/loss":0.174,"train/global_step":1562,"_wandb":{"runtime":28735},"total_params":328109.056,"_runtime":28478.022934997,"classifier_params":0,"eval/math_acc":0.1732,"non_classifier_params":328109.056,"train_steps_per_second":0.078,"_step":1567}