{"total_params":195000.96,"_wandb":{"runtime":20826},"train_runtime":20321.2334,"eval/openbookqa_acc":0.812,"train_samples_per_second":16.773,"train/learning_rate":0,"_runtime":20826.39241194,"eval/hellaswag_acc":0.8985261900019916,"_step":2372,"_timestamp":1.7749260425630689e+09,"classifier_params":0,"eval/boolq_acc":0.6804281345565749,"train/global_step":2366,"train_loss":5080.829738384311,"total_flos":766887880874738700,"eval/ARC-Easy_acc":0.8779461279461279,"non_classifier_params":195000.96,"train_steps_per_second":0.116,"train/loss":1.816,"train/epoch":1.9991550485847065,"train/grad_norm":1.328125,"eval/ARC-Challenge_acc":0.7431740614334471}