{"train/global_step":1562,"train_runtime":19980.1826,"train_samples_per_second":2.502,"total_params":328109.056,"train/loss":0.174,"_runtime":43765.424098694,"non_classifier_params":328109.056,"_step":1571,"eval/gsm8k_acc":0.6353297952994693,"train_loss":0.20829842160437995,"_timestamp":1.7747852163404293e+09,"eval/math_acc":0.1796,"train/epoch":0.99968,"train_steps_per_second":0.078,"_wandb":{"runtime":43765},"train/learning_rate":0,"total_flos":615002396884654100,"classifier_params":0,"train/grad_norm":2.9330637454986572}