{"train/grad_norm":2.9330637454986572,"_wandb":{"runtime":20143},"classifier_params":0,"train_steps_per_second":0.078,"train/learning_rate":0,"train_loss":0.20829842160437995,"train/global_step":1562,"total_flos":615002396884654100,"train_runtime":19980.1826,"train/epoch":0.99968,"_timestamp":1.7744566436006866e+09,"total_params":328109.056,"non_classifier_params":328109.056,"train/loss":0.174,"train_samples_per_second":2.502,"_step":1563,"_runtime":20027.130051554}