{"eval/hellaswag_acc":0.9312885879306912,"_runtime":184.83794271,"_step":2,"_timestamp":1.7748664808035572e+09,"_wandb":{"runtime":184},"eval/ARC-Challenge_acc":0.7849829351535836}