{"_timestamp":1.7744566436006866e+09,"classifier_params":0,"total_flos":615002396884654100,"train/global_step":1562,"train/grad_norm":2.9330637454986572,"train_samples_per_second":2.502,"total_params":328109.056,"_wandb":{"runtime":20032},"train_loss":0.20829842160437995,"train/epoch":0.99968,"_step":1563,"train/learning_rate":0,"non_classifier_params":328109.056,"_runtime":20027.130051554,"train_runtime":19980.1826,"train/loss":0.174,"train_steps_per_second":0.078}