{"train/global_step":1562,"train/grad_norm":2.9330637454986572,"non_classifier_params":328109.056,"_runtime":20462.231158805,"train_samples_per_second":2.502,"train_steps_per_second":0.078,"total_flos":615002396884654100,"train/learning_rate":0,"classifier_params":0,"train/loss":0.174,"train_loss":0.20829842160437995,"train/epoch":0.99968,"total_params":328109.056,"_step":1564,"eval/gsm8k_acc":0.6285064442759667,"_timestamp":1.7745298945901463e+09,"_wandb":{"runtime":22507},"train_runtime":19980.1826}