{"eval/social_i_qa_acc":0.7988741044012283,"_step":8,"eval/openbookqa_acc":0.858,"eval/boolq_acc":0.7376146788990826,"eval/piqa_acc":0.8775843307943417,"eval/hellaswag_acc":0.9312885879306912,"_wandb":{"runtime":415},"eval/ARC-Challenge_acc":0.7849829351535836,"_runtime":415.956932181,"eval/ARC-Easy_acc":0.8952020202020202,"_timestamp":1.7748667757290728e+09}