{"train_steps_per_second":0.078,"train/global_step":1562,"total_flos":615002396884654100,"train_runtime":19980.1826,"train_samples_per_second":2.502,"train/grad_norm":2.9330637454986572,"train/epoch":0.99968,"non_classifier_params":328109.056,"eval/gsm8k_acc":0.6285064442759667,"train/learning_rate":0,"_wandb":{"runtime":20462},"total_params":328109.056,"_step":1564,"classifier_params":0,"_timestamp":1.7745298945901465e+09,"train_loss":0.20829842160437995,"train/loss":0.174,"_runtime":20462.231158805}