{"_wandb":{"runtime":43},"eval/ARC-Challenge_acc":0.7815699658703071,"_runtime":27.959915802,"_step":0,"_timestamp":1.7748611982360103e+09}