{"train/learning_rate":0,"total_params":167772.16,"_wandb":{"runtime":9977},"total_flos":601746497510154200,"classifier_params":0,"train/epoch":0.99968,"train/grad_norm":2.609375,"train_runtime":9851.662,"_runtime":9977.103051368,"train/loss":0.1691,"_step":1564,"eval/gsm8k_acc":0.6937073540561031,"train/global_step":1562,"train_samples_per_second":5.075,"train_loss":0.20490742020223113,"train_steps_per_second":0.159,"non_classifier_params":167772.16,"_timestamp":1.7744088113060112e+09}