{"train_loss":0.20490742020223113,"train/learning_rate":0,"eval/math_acc":0.1998,"_runtime":11091.739766617,"_timestamp":1.7744099452050214e+09,"_step":1565,"train_steps_per_second":0.159,"classifier_params":0,"total_params":167772.16,"total_flos":601746497510154200,"train_samples_per_second":5.075,"non_classifier_params":167772.16,"eval/gsm8k_acc":0.6937073540561031,"_wandb":{"runtime":11091},"train/epoch":0.99968,"train/grad_norm":2.609375,"train_runtime":9851.662,"train/loss":0.1691,"train/global_step":1562}