{"eval/social_i_qa_acc":0.7988741044012283,"eval/hellaswag_acc":0.9312885879306912,"eval/winogrande_acc":0.8539857932123125,"eval/piqa_acc":0.8775843307943417,"_timestamp":1.7748668068887856e+09,"_runtime":438.937046462,"eval/ARC-Challenge_acc":0.7849829351535836,"eval/boolq_acc":0.7376146788990826,"_wandb":{"runtime":438},"eval/ARC-Easy_acc":0.8952020202020202,"eval/openbookqa_acc":0.858,"_step":9}