{"train/learning_rate":0,"train_loss":5080.829738384311,"_wandb":{"runtime":20940},"eval/social_i_qa_acc":0.797338792221085,"train/loss":1.816,"eval/openbookqa_acc":0.812,"eval/ARC-Challenge_acc":0.7431740614334471,"total_params":195000.96,"eval/boolq_acc":0.6804281345565749,"_step":2374,"train/epoch":1.9991550485847065,"train/global_step":2366,"train_runtime":20321.2334,"non_classifier_params":195000.96,"train_steps_per_second":0.116,"train_samples_per_second":16.773,"eval/ARC-Easy_acc":0.8779461279461279,"train/grad_norm":1.328125,"total_flos":766887880874738700,"classifier_params":0,"eval/hellaswag_acc":0.8985261900019916,"eval/piqa_acc":0.8427638737758433,"_timestamp":1.7749261711795077e+09,"_runtime":20940.78193294}