{"train_samples_per_second":2.502,"classifier_params":0,"train_runtime":19980.1826,"train/loss":0.174,"train_steps_per_second":0.078,"_runtime":20885.117717751,"_wandb":{"runtime":20885},"train_loss":0.20829842160437995,"eval/gsm8k_acc":0.6285064442759667,"train/grad_norm":2.9330637454986572,"train/global_step":1562,"train/epoch":0.99968,"total_flos":615002396884654100,"_step":1565,"total_params":328109.056,"non_classifier_params":328109.056,"_timestamp":1.774532474223511e+09,"train/learning_rate":0}