{"train_loss":5080.829738384311,"classifier_params":0,"train_runtime":20321.2334,"eval/ARC-Easy_acc":0.8779461279461279,"_timestamp":1.7749257145273042e+09,"_wandb":{"runtime":20514},"train/loss":1.816,"non_classifier_params":195000.96,"_step":2370,"train/grad_norm":1.328125,"eval/boolq_acc":0.6804281345565749,"total_flos":766887880874738700,"train_samples_per_second":16.773,"eval/ARC-Challenge_acc":0.7431740614334471,"train/global_step":2366,"train/learning_rate":0,"train_steps_per_second":0.116,"train/epoch":1.9991550485847065,"total_params":195000.96,"_runtime":20514.641451894}