{"classifier_params":0,"train_loss":0.20829842160437995,"train_steps_per_second":0.078,"train/loss":0.174,"train_runtime":19980.1826,"non_classifier_params":328109.056,"total_flos":615002396884654100,"_runtime":36093.499104909,"_step":1569,"eval/math_acc":0.1736,"_wandb":{"runtime":36093},"train/learning_rate":0,"eval/gsm8k_acc":0.6300227445034117,"train/global_step":1562,"train/grad_norm":2.9330637454986572,"train/epoch":0.99968,"train_samples_per_second":2.502,"total_params":328109.056,"_timestamp":1.7745930608111043e+09}