{"_runtime":20971.607295525,"eval/ARC-Challenge_acc":0.7431740614334471,"_timestamp":1.7749262090233188e+09,"eval/hellaswag_acc":0.8985261900019916,"total_flos":766887880874738700,"train_samples_per_second":16.773,"train_runtime":20321.2334,"train/grad_norm":1.328125,"non_classifier_params":195000.96,"train/epoch":1.9991550485847065,"eval/social_i_qa_acc":0.797338792221085,"eval/piqa_acc":0.8427638737758433,"eval/openbookqa_acc":0.812,"classifier_params":0,"train/loss":1.816,"eval/winogrande_acc":0.8374112075769534,"train/learning_rate":0,"train_steps_per_second":0.116,"eval/boolq_acc":0.6804281345565749,"total_params":195000.96,"_wandb":{"runtime":20971},"_step":2375,"train/global_step":2366,"train_loss":5080.829738384311,"eval/ARC-Easy_acc":0.8779461279461279}