{"train_runtime":19980.1826,"train/grad_norm":2.9330637454986572,"total_params":328109.056,"train/learning_rate":0,"eval/math_acc":0.1796,"train_loss":0.20829842160437995,"_wandb":{"runtime":43333},"train_steps_per_second":0.078,"train/global_step":1562,"train/epoch":0.99968,"train/loss":0.174,"_step":1570,"eval/gsm8k_acc":0.6300227445034117,"classifier_params":0,"non_classifier_params":328109.056,"total_flos":615002396884654100,"_timestamp":1.7747847770256293e+09,"train_samples_per_second":2.502,"_runtime":43333.665004519}