{"train/global_step":1562,"_runtime":73071.934298693,"classifier_params":0,"train/loss":0.1736,"train_samples_per_second":2.572,"total_params":328116.224,"train_steps_per_second":0.08,"eval/math_acc":0.177,"_step":1576,"_timestamp":1.7747733148593256e+09,"_wandb":{"runtime":73071},"train_runtime":19437.0095,"train/epoch":0.99968,"train/learning_rate":0,"train/grad_norm":3.609375,"total_flos":615130951331389400,"eval/gsm8k_acc":0.6186504927975739,"non_classifier_params":328116.224,"train_loss":0.2084541072813787}