{"train_runtime":19437.0095,"train/learning_rate":0,"eval/math_acc":0.1684,"_step":1569,"total_params":328116.224,"eval/gsm8k_acc":0.6186504927975739,"train/global_step":1562,"train_steps_per_second":0.08,"train_samples_per_second":2.572,"total_flos":615130951331389400,"non_classifier_params":328116.224,"train/loss":0.1736,"train/grad_norm":3.609375,"_wandb":{"runtime":42650},"train_loss":0.2084541072813787,"_runtime":42650.736168246,"_timestamp":1.774703405301089e+09,"train/epoch":0.99968,"classifier_params":0}