{"total_flos":615002396884654100,"eval/math_acc":0.1732,"_wandb":{"runtime":28054},"classifier_params":0,"train/grad_norm":2.9330637454986572,"non_classifier_params":328109.056,"train_loss":0.20829842160437995,"train/global_step":1562,"train_samples_per_second":2.502,"eval/gsm8k_acc":0.6285064442759667,"train_runtime":19980.1826,"_step":1566,"train/epoch":0.99968,"_runtime":28054.427018122,"total_params":328109.056,"_timestamp":1.7745483802167554e+09,"train/loss":0.174,"train_steps_per_second":0.078,"train/learning_rate":0}