{"_runtime":27.959915802,"_step":0,"_wandb":{"runtime":27},"eval/ARC-Challenge_acc":0.7815699658703071,"_timestamp":1.7748611982360103e+09}