{"train_steps_per_second":0.08,"total_flos":615130951331389400,"train/grad_norm":3.609375,"eval/math_acc":0.1684,"_timestamp":1.774702964252651e+09,"train/epoch":0.99968,"_runtime":42219.250357531,"train/global_step":1562,"classifier_params":0,"_wandb":{"runtime":42219},"train_loss":0.2084541072813787,"total_params":328116.224,"train/loss":0.1736,"train_runtime":19437.0095,"train_samples_per_second":2.572,"non_classifier_params":328116.224,"eval/gsm8k_acc":0.6186504927975739,"_step":1568,"train/learning_rate":0}