{"_runtime":28478.022934997,"train_runtime":19980.1826,"total_params":328109.056,"classifier_params":0,"total_flos":615002396884654100,"_timestamp":1.7745488156608517e+09,"_step":1567,"train/epoch":0.99968,"eval/gsm8k_acc":0.6285064442759667,"train_steps_per_second":0.078,"train_loss":0.20829842160437995,"_wandb":{"runtime":30019},"train/global_step":1562,"train/grad_norm":2.9330637454986572,"eval/math_acc":0.1732,"train/loss":0.174,"train/learning_rate":0,"non_classifier_params":328109.056,"train_samples_per_second":2.502}