{"train/epoch":1.9991550485847065,"train_steps_per_second":0.116,"classifier_params":0,"total_params":195000.96,"eval/piqa_acc":0.8427638737758433,"eval/ARC-Challenge_acc":0.7431740614334471,"train/learning_rate":0,"non_classifier_params":195000.96,"train_samples_per_second":16.773,"eval/ARC-Easy_acc":0.8779461279461279,"eval/openbookqa_acc":0.812,"train_loss":5080.829738384311,"_timestamp":1.774926120910008e+09,"train/grad_norm":1.328125,"_wandb":{"runtime":20898},"train_runtime":20321.2334,"eval/hellaswag_acc":0.8985261900019916,"train/loss":1.816,"train/global_step":2366,"_runtime":20898.669945439,"eval/boolq_acc":0.6804281345565749,"_step":2373,"total_flos":766887880874738700}