{"train/global_step":1562,"total_flos":615130951331389400,"classifier_params":0,"train/learning_rate":0,"_wandb":{"runtime":57629},"train_samples_per_second":2.572,"_runtime":57629.16245037,"_step":1572,"train/grad_norm":3.609375,"eval/gsm8k_acc":0.6186504927975739,"train_steps_per_second":0.08,"train/loss":0.1736,"non_classifier_params":328116.224,"total_params":328116.224,"train_runtime":19437.0095,"train/epoch":0.99968,"train_loss":0.2084541072813787,"_timestamp":1.7747523755149217e+09,"eval/math_acc":0.1768}