{"_step":2368,"eval/ARC-Challenge_acc":0.7431740614334471,"train_steps_per_second":0.116,"train/learning_rate":0,"train/global_step":2366,"total_params":195000.96,"_wandb":{"runtime":20412},"_runtime":20412.79044163,"non_classifier_params":195000.96,"_timestamp":1.774925598667424e+09,"train_samples_per_second":16.773,"train/epoch":1.9991550485847065,"train_loss":5080.829738384311,"train/loss":1.816,"total_flos":766887880874738700,"train/grad_norm":1.328125,"train_runtime":20321.2334,"classifier_params":0}