{"train_loss":0.2084541072813787,"train/global_step":1562,"train/learning_rate":0,"train_runtime":19437.0095,"_runtime":65788.351132604,"total_flos":615130951331389400,"classifier_params":0,"train_steps_per_second":0.08,"eval/math_acc":0.1684,"train/loss":0.1736,"total_params":328116.224,"eval/gsm8k_acc":0.6186504927975739,"train/epoch":0.99968,"_timestamp":1.774763905396979e+09,"non_classifier_params":328116.224,"_wandb":{"runtime":65788},"train_samples_per_second":2.572,"_step":1575,"train/grad_norm":3.609375}