{"_step":1573,"total_flos":615130951331389400,"eval/math_acc":0.1768,"_wandb":{"runtime":58060},"train/epoch":0.99968,"train/loss":0.1736,"train_runtime":19437.0095,"train/learning_rate":0,"eval/gsm8k_acc":0.6186504927975739,"_runtime":58060.968792881,"train_steps_per_second":0.08,"train_loss":0.2084541072813787,"train/global_step":1562,"total_params":328116.224,"train/grad_norm":3.609375,"classifier_params":0,"non_classifier_params":328116.224,"_timestamp":1.774752815553703e+09,"train_samples_per_second":2.572}