{"_timestamp":1.7749260090023935e+09,"classifier_params":0,"eval/ARC-Easy_acc":0.8779461279461279,"train_loss":5080.829738384311,"eval/boolq_acc":0.6804281345565749,"train_samples_per_second":16.773,"_runtime":20800.456969455,"train/grad_norm":1.328125,"_wandb":{"runtime":20800},"total_flos":766887880874738700,"train/learning_rate":0,"train/loss":1.816,"train_steps_per_second":0.116,"non_classifier_params":195000.96,"train_runtime":20321.2334,"train/epoch":1.9991550485847065,"total_params":195000.96,"train/global_step":2366,"eval/ARC-Challenge_acc":0.7431740614334471,"_step":2371,"eval/hellaswag_acc":0.8985261900019916}