{"classifier_params":0,"train_samples_per_second":2.572,"_wandb":{"runtime":34502},"total_params":328116.224,"_step":1566,"eval/gsm8k_acc":0.6186504927975739,"non_classifier_params":328116.224,"train_runtime":19437.0095,"_timestamp":1.7746911562496984e+09,"total_flos":615130951331389400,"train/loss":0.1736,"train/global_step":1562,"eval/math_acc":0.1684,"train/learning_rate":0,"_runtime":34502.266234815,"train/epoch":0.99968,"train_steps_per_second":0.08,"train/grad_norm":3.609375,"train_loss":0.2084541072813787}