{"non_classifier_params":328109.056,"_runtime":20027.130051554,"train_steps_per_second":0.078,"total_flos":615002396884654100,"train_loss":0.20829842160437995,"_timestamp":1.7744566436006866e+09,"_step":1563,"train/global_step":1562,"train_samples_per_second":2.502,"train/grad_norm":2.9330637454986572,"train_runtime":19980.1826,"train/learning_rate":0,"_wandb":{"runtime":20031},"total_params":328109.056,"train/loss":0.174,"classifier_params":0,"train/epoch":0.99968}