{"eval/openbookqa_acc":0.858,"_wandb":{"runtime":377},"eval/ARC-Challenge_acc":0.7849829351535836,"_runtime":377.124153999,"_step":6,"eval/ARC-Easy_acc":0.8952020202020202,"eval/boolq_acc":0.7376146788990826,"eval/hellaswag_acc":0.9312885879306912,"_timestamp":1.7748667127871578e+09}