{"_wandb":{"runtime":366},"eval/ARC-Challenge_acc":0.7849829351535836,"eval/ARC-Easy_acc":0.8952020202020202,"eval/boolq_acc":0.7376146788990826,"eval/hellaswag_acc":0.9312885879306911,"_runtime":366.327016964,"_step":5,"_timestamp":1.774866691391132e+09}