{"_step":1,"_timestamp":1.774861405689627e+09,"_wandb":{"runtime":168},"eval/ARC-Challenge_acc":0.7815699658703071,"_runtime":168.835224318,"eval/hellaswag_acc":0.9312885879306911}