{"train/loss":0.174,"train_loss":0.20829842160437995,"train/grad_norm":2.9330637454986572,"_runtime":35662.426669332,"eval/gsm8k_acc":0.6285064442759667,"total_flos":615002396884654100,"train/global_step":1562,"train_runtime":19980.1826,"classifier_params":0,"_timestamp":1.7745926226075246e+09,"train_steps_per_second":0.078,"train/epoch":0.99968,"eval/math_acc":0.1736,"_step":1568,"total_params":328109.056,"train/learning_rate":0,"_wandb":{"runtime":35662},"non_classifier_params":328109.056,"train_samples_per_second":2.502}